Keyword,url
ATMECS,"www.atmecs.com/,https://www.glassdoor.co.in/Reviews/ATMECS-Reviews-E1318180.htm,https://www.glassdoor.co.in/.../Working-at-ATMECS-EI_IE1318180.11,17.htm,https://in.linkedin.com/company/atmecs-inc,https://mapr.com/partners/partner/atmecs-technologies-pvt-ltd/,https://www.glassdoor.com/Overview/Working-at-ATMECS-EI_IE1318180.11,17.htm,https://www.naukri.com/atmecs-technologies-pvt-ltd-jobs-careers-1089084,https://www.indeed.co.in/cmp/Atmecs-Technologies/reviews,https://www.ambitionbox.com/reviews/atmecs-technologies-reviews"
ATMECS,"www.atmecs.com/,https://www.glassdoor.co.in/Reviews/ATMECS-Reviews-E1318180.htm,https://www.glassdoor.co.in/.../Working-at-ATMECS-EI_IE1318180.11,17.htm,https://in.linkedin.com/company/atmecs-inc,https://mapr.com/partners/partner/atmecs-technologies-pvt-ltd/,https://www.glassdoor.com/Overview/Working-at-ATMECS-EI_IE1318180.11,17.htm,https://www.naukri.com/atmecs-technologies-pvt-ltd-jobs-careers-1089084,https://www.indeed.co.in/cmp/Atmecs-Technologies/reviews,https://www.ambitionbox.com/reviews/atmecs-technologies-reviews"
Sundar Pichai,"https://en.wikipedia.org/wiki/Sundar_Pichai,https://www.britannica.com/biography/Sundar-Pichai,https://www.crunchbase.com/person/sundar-pichai,https://www.instagram.com/sundarpichai/?hl=en,https://www.businesstoday.in/current/corporate/sundar-pichai.../289327.html"
Bill Gates,"https://en.wikipedia.org/wiki/Bill_Gates,https://www.gatesnotes.com/,https://www.forbes.com/profile/bill-gates/,,,,,https://www.biographyonline.net/business/bill-gates.html,https://www.youtube.com/channel/UCnEiGCE13SUI7ZvojTAVBKw,https://www.biography.com/business-figure/bill-gates"
Sachin Tendulkar,"https://en.wikipedia.org/wiki/Sachin_Tendulkar,https://www.cricbuzz.com/profiles/25/sachin-tendulkar,www.espncricinfo.com/india/content/player/35320.html,,,,"
ATMECS,"www.atmecs.com/,https://www.glassdoor.co.in/Reviews/ATMECS-Reviews-E1318180.htm,https://www.glassdoor.co.in/.../Working-at-ATMECS-EI_IE1318180.11,17.htm,https://in.linkedin.com/company/atmecs-inc,https://mapr.com/partners/partner/atmecs-technologies-pvt-ltd/,https://www.glassdoor.com/Overview/Working-at-ATMECS-EI_IE1318180.11,17.htm,https://www.naukri.com/atmecs-technologies-pvt-ltd-jobs-careers-1089084,https://www.indeed.co.in/cmp/Atmecs-Technologies/reviews,https://www.ambitionbox.com/reviews/atmecs-technologies-reviews"
Sundar Pichai,"https://en.wikipedia.org/wiki/Sundar_Pichai,https://www.britannica.com/biography/Sundar-Pichai,https://www.crunchbase.com/person/sundar-pichai,https://www.instagram.com/sundarpichai/?hl=en,https://www.businesstoday.in/current/corporate/sundar-pichai.../289327.html"
Bill Gates,"https://en.wikipedia.org/wiki/Bill_Gates,https://www.gatesnotes.com/,https://www.forbes.com/profile/bill-gates/,,,,,https://www.biographyonline.net/business/bill-gates.html,https://www.youtube.com/channel/UCnEiGCE13SUI7ZvojTAVBKw,https://www.biography.com/business-figure/bill-gates"
Sachin Tendulkar,"https://en.wikipedia.org/wiki/Sachin_Tendulkar,https://www.cricbuzz.com/profiles/25/sachin-tendulkar,www.espncricinfo.com/india/content/player/35320.html,,,,"
